-- phpMyAdmin SQL Dump
-- version 4.9.0.1
-- https://www.phpmyadmin.net/
--
-- Host: 127.0.0.1
-- Generation Time: Apr 20, 2021 at 06:55 PM
-- Server version: 10.4.6-MariaDB
-- PHP Version: 7.3.9

SET SQL_MODE = "NO_AUTO_VALUE_ON_ZERO";
SET AUTOCOMMIT = 0;
START TRANSACTION;
SET time_zone = "+00:00";


/*!40101 SET @OLD_CHARACTER_SET_CLIENT=@@CHARACTER_SET_CLIENT */;
/*!40101 SET @OLD_CHARACTER_SET_RESULTS=@@CHARACTER_SET_RESULTS */;
/*!40101 SET @OLD_COLLATION_CONNECTION=@@COLLATION_CONNECTION */;
/*!40101 SET NAMES utf8mb4 */;

--
-- Database: `fos_db`
--

-- --------------------------------------------------------

--
-- Table structure for table `cart`
--

CREATE TABLE `cart` (
  `id` int(30) NOT NULL,
  `client_ip` varchar(20) NOT NULL,
  `user_id` int(30) NOT NULL,
  `product_id` int(30) NOT NULL,
  `qty` int(30) NOT NULL
) ENGINE=InnoDB DEFAULT CHARSET=utf8mb4;

-- --------------------------------------------------------

--
-- Table structure for table `category_list`
--

CREATE TABLE `category_list` (
  `id` int(30) NOT NULL,
  `name` text NOT NULL
) ENGINE=InnoDB DEFAULT CHARSET=utf8mb4;

--
-- Dumping data for table `category_list`
--

INSERT INTO `category_list` (`id`, `name`) VALUES
(1, 'Premium Account'),
(2, 'Best Sellers'),
(3, 'Proffneeds'),
(4, 'Service'),
(5, 'Others');

-- --------------------------------------------------------

--
-- Table structure for table `orders`
--

CREATE TABLE `orders` (
  `id` int(30) NOT NULL,
  `name` text NOT NULL,
  `address` text NOT NULL,
  `mobile` text NOT NULL,
  `email` text NOT NULL,
  `status` tinyint(1) NOT NULL DEFAULT 0
) ENGINE=InnoDB DEFAULT CHARSET=utf8mb4;

--
-- Dumping data for table `orders`
--

INSERT INTO `orders` (`id`, `name`, `address`, `mobile`, `email`, `status`) VALUES
(1, 'James Smith', 'adasdasd asdadasd', '4756463215', 'jsmith@sample.com', 1),
(2, 'James Smith', 'adasdasd asdadasd', '4756463215', 'jsmith@sample.com', 1),
(3, 'Camp Codes', '06106 Capitol Site, Brgy. Washington', '+639079373', 'admin@campcodes.com', 1),
(4, 'Camp Codes', '06106 Capitol Site, Brgy. Washington', '+639079373', 'admin@campcodes.com', 1),
(5, 'Camp Codes', '06106 Capitol Site, Brgy. Washington', '+639079373', 'admin@campcodes.com', 1);

-- --------------------------------------------------------

--
-- Table structure for table `order_list`
--

CREATE TABLE `order_list` (
  `id` int(30) NOT NULL,
  `order_id` int(30) NOT NULL,
  `product_id` int(30) NOT NULL,
  `qty` int(30) NOT NULL
) ENGINE=InnoDB DEFAULT CHARSET=utf8mb4;

--
-- Dumping data for table `order_list`
--

INSERT INTO `order_list` (`id`, `order_id`, `product_id`, `qty`) VALUES
(1, 1, 3, 1),
(2, 1, 5, 1),
(3, 1, 3, 1),
(4, 1, 6, 3),
(5, 2, 1, 2),
(6, 3, 6, 2),
(7, 3, 7, 1),
(8, 4, 1, 1),
(9, 4, 4, 1),
(10, 5, 6, 2),
(11, 5, 1, 2);

-- --------------------------------------------------------

--
-- Table structure for table `product_list`
--

CREATE TABLE `product_list` (
  `id` int(30) NOT NULL,
  `category_id` int(30) NOT NULL,
  `name` varchar(100) NOT NULL,
  `description` text NOT NULL,
  `price` float NOT NULL DEFAULT 0,
  `img_path` text NOT NULL,
  `status` tinyint(1) NOT NULL DEFAULT 1 COMMENT '0= unavailable, 2 Available'
) ENGINE=InnoDB DEFAULT CHARSET=utf8mb4;

--
-- Dumping data for table `product_list`
--

INSERT INTO `product_list` (`id`, `category_id`, `name`, `description`, `price`, `img_path`, `status`) VALUES
(1, 5, 'Twitter Blank Accounts', 'Get your twitter blank accounts here! This help you get an account without making it. Just buy and you all set!', 1, 'twt.png', 1),
(3, 1, 'Youtube Premium', 'We came up with a solution for you requiring a month-long premium youtube account with full warranty.', 5, 'yt.png', 1),
(4, 5, 'Telegram Username', 'We have an awesome and also charming telegram username, get your username here with an affordable price.', 3, 'telegram.png', 1),
(7, 3, 'Moodboard', 'We provide an attractive moodboard that is ready to beautify your setup.', 3, 'mb.png', 1),
(8, 2, 'Up Followers Instagram', 'The best solution to boost up your followers instagram.', 7, 'ig.png', 1),
(10, 4, 'Tiktok Upviews', 'Increase views on your tiktok videos instantly.', 7, 'tt.png', 1);
(9, 2, 'Spotify Premium', 'Our best seller product that waiting to be.' 10, 'spo.png', 1);
-- --------------------------------------------------------

--
-- Table structure for table `system_settings`
--

CREATE TABLE `system_settings` (
  `id` int(30) NOT NULL,
  `name` text NOT NULL,
  `email` varchar(200) NOT NULL,
  `contact` varchar(20) NOT NULL,
  `cover_img` text NOT NULL,
  `about_content` text NOT NULL
) ENGINE=InnoDB DEFAULT CHARSET=utf8mb4;

--
-- Dumping data for table `system_settings`
--

INSERT INTO `system_settings` (`id`, `name`, `email`, `contact`, `cover_img`, `about_content`) VALUES
(1, 'Zea Stuff - The Most Satisfying Store', 'admin@admin.com', '+6287840026339', 'ZeaStuff.png', '&lt;p style=&quot;text-align: center; background: transparent; position: relative;&quot;&gt;&lt;span style=&quot;font-size:28px;background: transparent; position: relative;&quot;&gt;&lt;b style=&quot;margin: 0px; padding: 0px; color: rgb(0, 0, 0); font-family: &amp;quot;Open Sans&amp;quot;, Arial, sans-serif; text-align: justify;&quot;&gt;Zea Stuff!&lt;/b&gt;&lt;br&gt;&lt;/span&gt;&lt;/p&gt;&lt;p style=&quot;text-align: center; background: transparent; position: relative;&quot;&gt;&lt;span style=&quot;font-size:28px;background: transparent; position: relative;&quot;&gt;&lt;span style=&quot;color: rgb(0, 0, 0); font-family: &amp;quot;Open Sans&amp;quot;, Arial, sans-serif; font-weight: 400; text-align: justify;&quot;&gt;&lt;br&gt;&lt;/span&gt;&lt;/p&gt;&lt;p style=&quot;text-align: center; background: transparent; position: relative;&quot;&gt;&lt;/p&gt;&lt;h2 style=&quot;font-size:28px;background: transparent; position: relative;&quot;&gt;What is it?&lt;/h2&gt;&lt;p style=&quot;text-align: center; margin-bottom: 15px; padding: 0px; color: rgb(0, 0, 0); font-family: &amp;quot;Open Sans&amp;quot;, Arial, sans-serif; font-weight: 400;&quot;&gt;
 The Aurora borealis rises precisely with its breathtaking color. Water rushes to the seashore, preceded by a gale that enhances to the appeal of the autumn night. Embroidering syllables into the ode of applause for the utmost appreciation of the entire effort and mastery that has run into cultivating such a wonderful masterpiece.

Delightful comments to adore the paintings made, get precious comments and conclusions are expected, but do every comment bear fruit from @zeastuff's efforts? in the session after this assessment, keys will be administered with an odd abundance of rose gold colors bestowed according to the ordinance of winners in this painting challenge. Glances Glinting sparkling from the rose gold key lent, there will be lots of other fun activities for shopping party at our cottage! We provide a lot of special menus and you'll get the best service from us, so don't miss a bit, Lovely!
 &lt;/p&gt;&lt;p&gt;&lt;/p&gt;');

-- --------------------------------------------------------

--
-- Table structure for table `users`
--

CREATE TABLE `users` (
  `id` int(30) NOT NULL,
  `name` varchar(200) NOT NULL,
  `username` varchar(100) NOT NULL,
  `password` varchar(200) NOT NULL,
  `type` tinyint(1) NOT NULL DEFAULT 2 COMMENT '1=admin , 2 = staff'
) ENGINE=InnoDB DEFAULT CHARSET=utf8mb4;

--
-- Dumping data for table `users`
--

INSERT INTO `users` (`id`, `name`, `username`, `password`, `type`) VALUES
(1, 'Administrator', 'admin', 'admin123', 1);

-- --------------------------------------------------------

--
-- Table structure for table `user_info`
--

CREATE TABLE `user_info` (
  `user_id` int(10) NOT NULL,
  `first_name` varchar(100) NOT NULL,
  `last_name` varchar(100) NOT NULL,
  `email` varchar(300) NOT NULL,
  `password` varchar(300) NOT NULL,
  `mobile` varchar(10) NOT NULL,
  `address` varchar(300) NOT NULL
) ENGINE=InnoDB DEFAULT CHARSET=latin1;

--
-- Dumping data for table `user_info`
--

INSERT INTO `user_info` (`user_id`, `first_name`, `last_name`, `email`, `password`, `mobile`, `address`) VALUES
(1, 'James', 'Smith', 'jsmith@sample.com', '1254737c076cf867dc53d60a0364f38e', '4756463215', 'adasdasd asdadasd'),
(2, 'Camp', 'Codes', 'admin@campcodes.com', '827ccb0eea8a706c4c34a16891f84e7b', '+639079373', '06106 Capitol Site, Brgy. Washington');

--
-- Indexes for dumped tables
--

--
-- Indexes for table `cart`
--
ALTER TABLE `cart`
  ADD PRIMARY KEY (`id`);

--
-- Indexes for table `category_list`
--
ALTER TABLE `category_list`
  ADD PRIMARY KEY (`id`);

--
-- Indexes for table `orders`
--
ALTER TABLE `orders`
  ADD PRIMARY KEY (`id`);

--
-- Indexes for table `order_list`
--
ALTER TABLE `order_list`
  ADD PRIMARY KEY (`id`);

--
-- Indexes for table `product_list`
--
ALTER TABLE `product_list`
  ADD PRIMARY KEY (`id`);

--
-- Indexes for table `system_settings`
--
ALTER TABLE `system_settings`
  ADD PRIMARY KEY (`id`);

--
-- Indexes for table `users`
--
ALTER TABLE `users`
  ADD PRIMARY KEY (`id`);

--
-- Indexes for table `user_info`
--
ALTER TABLE `user_info`
  ADD PRIMARY KEY (`user_id`);

--
-- AUTO_INCREMENT for dumped tables
--

--
-- AUTO_INCREMENT for table `cart`
--
ALTER TABLE `cart`
  MODIFY `id` int(30) NOT NULL AUTO_INCREMENT, AUTO_INCREMENT=16;

--
-- AUTO_INCREMENT for table `category_list`
--
ALTER TABLE `category_list`
  MODIFY `id` int(30) NOT NULL AUTO_INCREMENT, AUTO_INCREMENT=7;

--
-- AUTO_INCREMENT for table `orders`
--
ALTER TABLE `orders`
  MODIFY `id` int(30) NOT NULL AUTO_INCREMENT, AUTO_INCREMENT=6;

--
-- AUTO_INCREMENT for table `order_list`
--
ALTER TABLE `order_list`
  MODIFY `id` int(30) NOT NULL AUTO_INCREMENT, AUTO_INCREMENT=12;

--
-- AUTO_INCREMENT for table `product_list`
--
ALTER TABLE `product_list`
  MODIFY `id` int(30) NOT NULL AUTO_INCREMENT, AUTO_INCREMENT=8;

--
-- AUTO_INCREMENT for table `system_settings`
--
ALTER TABLE `system_settings`
  MODIFY `id` int(30) NOT NULL AUTO_INCREMENT, AUTO_INCREMENT=2;

--
-- AUTO_INCREMENT for table `users`
--
ALTER TABLE `users`
  MODIFY `id` int(30) NOT NULL AUTO_INCREMENT, AUTO_INCREMENT=2;

--
-- AUTO_INCREMENT for table `user_info`
--
ALTER TABLE `user_info`
  MODIFY `user_id` int(10) NOT NULL AUTO_INCREMENT, AUTO_INCREMENT=3;
COMMIT;

/*!40101 SET CHARACTER_SET_CLIENT=@OLD_CHARACTER_SET_CLIENT */;
/*!40101 SET CHARACTER_SET_RESULTS=@OLD_CHARACTER_SET_RESULTS */;
/*!40101 SET COLLATION_CONNECTION=@OLD_COLLATION_CONNECTION */;
